Lokalitetsnavn;ObservationsStedNr;ObservationsStedNavn;Dato;Xutm_Euref89_Zone32;Yutm_Euref89_Zone32;Parameter;Enhed;Resultat;Kontrol;Kvalitet
"Gudenå";"21006207";"Gudenå, Randers Bro";"20200101";"564072";"6257411";"Vandføring";"m3/s";"54,2891998291016";"FagK";"GODK"
"Gudenå";"21006207";"Gudenå, Randers Bro";"20200102";"564072";"6257411";"Vandføring";"m3/s";"52,8059120178223";"FagK";"GODK"
"Gudenå";"21006207";"Gudenå, Randers Bro";"20200103";"564072";"6257411";"Vandføring";"m3/s";"46,770938873291";"FagK";"GODK"
"Gudenå";"21006207";"Gudenå, Randers Bro";"20200104";"564072";"6257411";"Vandføring";"m3/s";"51,9918365478516";"FagK";"GODK"
"Gudenå";"21006207";"Gudenå, Randers Bro";"20200105";"564072";"6257411";"Vandføring";"m3/s";"50,6315116882324";"FagK";"GODK"
"Gudenå";"21006207";"Gudenå, Randers Bro";"20200106";"564072";"6257411";"Vandføring";"m3/s";"39,7191200256348";"FagK";"GODK"
"Gudenå";"21006207";"Gudenå, Randers Bro";"20200107";"564072";"6257411";"Vandføring";"m3/s";"39,6113014221191";"FagK";"GODK"
"Gudenå";"21006207";"Gudenå, Randers Bro";"20200108";"564072";"6257411";"Vandføring";"m3/s";"35,7180366516113";"FagK";"GODK"
"Gudenå";"21006207";"Gudenå, Randers Bro";"20200109";"564072";"6257411";"Vandføring";"m3/s";"49,7753295898438";"FagK";"GODK"
"Gudenå";"21006207";"Gudenå, Randers Bro";"20200110";"564072";"6257411";"Vandføring";"m3/s";"37,2635765075684";"FagK";"GODK"
"Gudenå";"21006207";"Gudenå, Randers Bro";"20200111";"564072";"6257411";"Vandføring";"m3/s";"58,0916519165039";"FagK";"GODK"
"Gudenå";"21006207";"Gudenå, Randers Bro";"20200112";"564072";"6257411";"Vandføring";"m3/s";"32,0513648986816";"FagK";"GODK"
"Gudenå";"21006207";"Gudenå, Randers Bro";"20200113";"564072";"6257411";"Vandføring";"m3/s";"58,7632331848145";"FagK";"GODK"
"Gudenå";"21006207";"Gudenå, Randers Bro";"20200114";"564072";"6257411";"Vandføring";"m3/s";"49,824047088623";"FagK";"GODK"
"Gudenå";"21006207";"Gudenå, Randers Bro";"20200115";"564072";"6257411";"Vandføring";"m3/s";"52,9791984558105";"FagK";"GODK"
"Gudenå";"21006207";"Gudenå, Randers Bro";"20200116";"564072";"6257411";"Vandføring";"m3/s";"65,4482421875";"FagK";"GODK"
"Gudenå";"21006207";"Gudenå, Randers Bro";"20200117";"564072";"6257411";"Vandføring";"m3/s";"59,9854278564453";"FagK";"GODK"
"Gudenå";"21006207";"Gudenå, Randers Bro";"20200118";"564072";"6257411";"Vandføring";"m3/s";"56,0601196289063";"FagK";"GODK"
"Gudenå";"21006207";"Gudenå, Randers Bro";"20200119";"564072";"6257411";"Vandføring";"m3/s";"58,761173248291";"FagK";"GODK"
"Gudenå";"21006207";"Gudenå, Randers Bro";"20200120";"564072";"6257411";"Vandføring";"m3/s";"60,2879180908203";"FagK";"GODK"
"Gudenå";"21006207";"Gudenå, Randers Bro";"20200121";"564072";"6257411";"Vandføring";"m3/s";"55,2360305786133";"FagK";"GODK"
"Gudenå";"21006207";"Gudenå, Randers Bro";"20200122";"564072";"6257411";"Vandføring";"m3/s";"48,0677452087402";"FagK";"GODK"
"Gudenå";"21006207";"Gudenå, Randers Bro";"20200123";"564072";"6257411";"Vandføring";"m3/s";"47,2133026123047";"FagK";"GODK"
"Gudenå";"21006207";"Gudenå, Randers Bro";"20200124";"564072";"6257411";"Vandføring";"m3/s";"47,4242095947266";"FagK";"GODK"
"Gudenå";"21006207";"Gudenå, Randers Bro";"20200125";"564072";"6257411";"Vandføring";"m3/s";"50,4716682434082";"FagK";"GODK"
"Gudenå";"21006207";"Gudenå, Randers Bro";"20200126";"564072";"6257411";"Vandføring";"m3/s";"47,4184341430664";"FagK";"GODK"
"Gudenå";"21006207";"Gudenå, Randers Bro";"20200127";"564072";"6257411";"Vandføring";"m3/s";"44,1140785217285";"FagK";"GODK"
"Gudenå";"21006207";"Gudenå, Randers Bro";"20200128";"564072";"6257411";"Vandføring";"m3/s";"48,1120414733887";"FagK";"GODK"
"Gudenå";"21006207";"Gudenå, Randers Bro";"20200129";"564072";"6257411";"Vandføring";"m3/s";"53,9031562805176";"FagK";"GODK"
"Gudenå";"21006207";"Gudenå, Randers Bro";"20200130";"564072";"6257411";"Vandføring";"m3/s";"51,5471611022949";"FagK";"GODK"
"Gudenå";"21006207";"Gudenå, Randers Bro";"20200131";"564072";"6257411";"Vandføring";"m3/s";"56,7873229980469";"FagK";"GODK"
"Gudenå";"21006207";"Gudenå, Randers Bro";"20200201";"564072";"6257411";"Vandføring";"m3/s";"62,9259910583496";"FagK";"GODK"
"Gudenå";"21006207";"Gudenå, Randers Bro";"20200202";"564072";"6257411";"Vandføring";"m3/s";"54,6139488220215";"FagK";"GODK"
"Gudenå";"21006207";"Gudenå, Randers Bro";"20200203";"564072";"6257411";"Vandføring";"m3/s";"56,6520118713379";"FagK";"GODK"
"Gudenå";"21006207";"Gudenå, Randers Bro";"20200204";"564072";"6257411";"Vandføring";"m3/s";"43,0273284912109";"FagK";"GODK"
"Gudenå";"21006207";"Gudenå, Randers Bro";"20200205";"564072";"6257411";"Vandføring";"m3/s";"62,4781227111816";"FagK";"GODK"
"Gudenå";"21006207";"Gudenå, Randers Bro";"20200206";"564072";"6257411";"Vandføring";"m3/s";"45,3652992248535";"FagK";"GODK"
"Gudenå";"21006207";"Gudenå, Randers Bro";"20200207";"564072";"6257411";"Vandføring";"m3/s";"47,2064208984375";"FagK";"GODK"
"Gudenå";"21006207";"Gudenå, Randers Bro";"20200208";"564072";"6257411";"Vandføring";"m3/s";"44,8564720153809";"FagK";"GODK"
"Gudenå";"21006207";"Gudenå, Randers Bro";"20200209";"564072";"6257411";"Vandføring";"m3/s";"49,9706115722656";"FagK";"GODK"
"Gudenå";"21006207";"Gudenå, Randers Bro";"20200210";"564072";"6257411";"Vandføring";"m3/s";"14,3714504241943";"FagK";"GODK"
"Gudenå";"21006207";"Gudenå, Randers Bro";"20200211";"564072";"6257411";"Vandføring";"m3/s";"71,9742965698242";"FagK";"GODK"
"Gudenå";"21006207";"Gudenå, Randers Bro";"20200212";"564072";"6257411";"Vandføring";"m3/s";"78,1458587646484";"FagK";"GODK"
"Gudenå";"21006207";"Gudenå, Randers Bro";"20200213";"564072";"6257411";"Vandføring";"m3/s";"76,8488388061523";"FagK";"GODK"
"Gudenå";"21006207";"Gudenå, Randers Bro";"20200214";"564072";"6257411";"Vandføring";"m3/s";"78,4173049926758";"FagK";"GODK"
"Gudenå";"21006207";"Gudenå, Randers Bro";"20200215";"564072";"6257411";"Vandføring";"m3/s";"72,9468383789063";"FagK";"GODK"
"Gudenå";"21006207";"Gudenå, Randers Bro";"20200216";"564072";"6257411";"Vandføring";"m3/s";"72,9521789550781";"FagK";"GODK"
"Gudenå";"21006207";"Gudenå, Randers Bro";"20200217";"564072";"6257411";"Vandføring";"m3/s";"73,4108505249023";"FagK";"GODK"
"Gudenå";"21006207";"Gudenå, Randers Bro";"20200218";"564072";"6257411";"Vandføring";"m3/s";"79,6325378417969";"FagK";"GODK"
"Gudenå";"21006207";"Gudenå, Randers Bro";"20200219";"564072";"6257411";"Vandføring";"m3/s";"83,9221801757813";"FagK";"GODK"
"Gudenå";"21006207";"Gudenå, Randers Bro";"20200220";"564072";"6257411";"Vandføring";"m3/s";"96,9721145629883";"FagK";"GODK"
"Gudenå";"21006207";"Gudenå, Randers Bro";"20200221";"564072";"6257411";"Vandføring";"m3/s";"85,909553527832";"FagK";"GODK"
"Gudenå";"21006207";"Gudenå, Randers Bro";"20200222";"564072";"6257411";"Vandføring";"m3/s";"102,197052001953";"FagK";"GODK"
"Gudenå";"21006207";"Gudenå, Randers Bro";"20200223";"564072";"6257411";"Vandføring";"m3/s";"97,2121658325195";"FagK";"GODK"
"Gudenå";"21006207";"Gudenå, Randers Bro";"20200224";"564072";"6257411";"Vandføring";"m3/s";"102,924980163574";"FagK";"GODK"
"Gudenå";"21006207";"Gudenå, Randers Bro";"20200225";"564072";"6257411";"Vandføring";"m3/s";"95,6070327758789";"FagK";"GODK"
"Gudenå";"21006207";"Gudenå, Randers Bro";"20200226";"564072";"6257411";"Vandføring";"m3/s";"105,222724914551";"FagK";"GODK"
"Gudenå";"21006207";"Gudenå, Randers Bro";"20200227";"564072";"6257411";"Vandføring";"m3/s";"107,828819274902";"FagK";"GODK"
"Gudenå";"21006207";"Gudenå, Randers Bro";"20200228";"564072";"6257411";"Vandføring";"m3/s";"101,057846069336";"FagK";"GODK"
"Gudenå";"21006207";"Gudenå, Randers Bro";"20200229";"564072";"6257411";"Vandføring";"m3/s";"104,533836364746";"FagK";"GODK"
"Gudenå";"21006207";"Gudenå, Randers Bro";"20200301";"564072";"6257411";"Vandføring";"m3/s";"90,4390487670898";"FagK";"GODK"
"Gudenå";"21006207";"Gudenå, Randers Bro";"20200302";"564072";"6257411";"Vandføring";"m3/s";"93,4698104858398";"FagK";"GODK"
"Gudenå";"21006207";"Gudenå, Randers Bro";"20200303";"564072";"6257411";"Vandføring";"m3/s";"91,8544845581055";"FagK";"GODK"
"Gudenå";"21006207";"Gudenå, Randers Bro";"20200304";"564072";"6257411";"Vandføring";"m3/s";"90,8088531494141";"FagK";"GODK"
"Gudenå";"21006207";"Gudenå, Randers Bro";"20200305";"564072";"6257411";"Vandføring";"m3/s";"85,1466293334961";"FagK";"GODK"
"Gudenå";"21006207";"Gudenå, Randers Bro";"20200306";"564072";"6257411";"Vandføring";"m3/s";"81,6418304443359";"FagK";"GODK"
"Gudenå";"21006207";"Gudenå, Randers Bro";"20200307";"564072";"6257411";"Vandføring";"m3/s";"82,5696258544922";"FagK";"GODK"
"Gudenå";"21006207";"Gudenå, Randers Bro";"20200308";"564072";"6257411";"Vandføring";"m3/s";"77,3526382446289";"FagK";"GODK"
"Gudenå";"21006207";"Gudenå, Randers Bro";"20200309";"564072";"6257411";"Vandføring";"m3/s";"66,3029403686523";"FagK";"GODK"
"Gudenå";"21006207";"Gudenå, Randers Bro";"20200310";"564072";"6257411";"Vandføring";"m3/s";"73,9907608032227";"FagK";"GODK"
"Gudenå";"21006207";"Gudenå, Randers Bro";"20200311";"564072";"6257411";"Vandføring";"m3/s";"63,378719329834";"FagK";"GODK"
"Gudenå";"21006207";"Gudenå, Randers Bro";"20200312";"564072";"6257411";"Vandføring";"m3/s";"61,9873886108398";"FagK";"GODK"
"Gudenå";"21006207";"Gudenå, Randers Bro";"20200313";"564072";"6257411";"Vandføring";"m3/s";"70,5546417236328";"FagK";"GODK"
"Gudenå";"21006207";"Gudenå, Randers Bro";"20200314";"564072";"6257411";"Vandføring";"m3/s";"81,8235702514648";"FagK";"GODK"
"Gudenå";"21006207";"Gudenå, Randers Bro";"20200315";"564072";"6257411";"Vandføring";"m3/s";"67,7134780883789";"FagK";"GODK"
"Gudenå";"21006207";"Gudenå, Randers Bro";"20200316";"564072";"6257411";"Vandføring";"m3/s";"57,2983589172363";"FagK";"GODK"
"Gudenå";"21006207";"Gudenå, Randers Bro";"20200317";"564072";"6257411";"Vandføring";"m3/s";"62,2947883605957";"FagK";"GODK"
"Gudenå";"21006207";"Gudenå, Randers Bro";"20200318";"564072";"6257411";"Vandføring";"m3/s";"57,5339241027832";"FagK";"GODK"
"Gudenå";"21006207";"Gudenå, Randers Bro";"20200319";"564072";"6257411";"Vandføring";"m3/s";"60,1340713500977";"FagK";"GODK"
"Gudenå";"21006207";"Gudenå, Randers Bro";"20200320";"564072";"6257411";"Vandføring";"m3/s";"54,4486312866211";"FagK";"GODK"
"Gudenå";"21006207";"Gudenå, Randers Bro";"20200321";"564072";"6257411";"Vandføring";"m3/s";"55,862907409668";"FagK";"GODK"
"Gudenå";"21006207";"Gudenå, Randers Bro";"20200322";"564072";"6257411";"Vandføring";"m3/s";"46,2998657226563";"FagK";"GODK"
"Gudenå";"21006207";"Gudenå, Randers Bro";"20200323";"564072";"6257411";"Vandføring";"m3/s";"43,0099716186523";"FagK";"GODK"
"Gudenå";"21006207";"Gudenå, Randers Bro";"20200324";"564072";"6257411";"Vandføring";"m3/s";"45,2765693664551";"FagK";"GODK"
"Gudenå";"21006207";"Gudenå, Randers Bro";"20200325";"564072";"6257411";"Vandføring";"m3/s";"47,0067024230957";"FagK";"GODK"
"Gudenå";"21006207";"Gudenå, Randers Bro";"20200326";"564072";"6257411";"Vandføring";"m3/s";"49,3001136779785";"FagK";"GODK"
"Gudenå";"21006207";"Gudenå, Randers Bro";"20200327";"564072";"6257411";"Vandføring";"m3/s";"45,6588363647461";"FagK";"GODK"
"Gudenå";"21006207";"Gudenå, Randers Bro";"20200328";"564072";"6257411";"Vandføring";"m3/s";"36,2435188293457";"FagK";"GODK"
"Gudenå";"21006207";"Gudenå, Randers Bro";"20200329";"564072";"6257411";"Vandføring";"m3/s";"40,6259231567383";"FagK";"GODK"
"Gudenå";"21006207";"Gudenå, Randers Bro";"20200330";"564072";"6257411";"Vandføring";"m3/s";"39,147590637207";"FagK";"GODK"
"Gudenå";"21006207";"Gudenå, Randers Bro";"20200331";"564072";"6257411";"Vandføring";"m3/s";"39,5268135070801";"FagK";"GODK"
"Gudenå";"21006207";"Gudenå, Randers Bro";"20200401";"564072";"6257411";"Vandføring";"m3/s";"40,7920913696289";"FagK";"GODK"
"Gudenå";"21006207";"Gudenå, Randers Bro";"20200402";"564072";"6257411";"Vandføring";"m3/s";"41,5110931396484";"FagK";"GODK"
"Gudenå";"21006207";"Gudenå, Randers Bro";"20200403";"564072";"6257411";"Vandføring";"m3/s";"40,3734092712402";"FagK";"GODK"
"Gudenå";"21006207";"Gudenå, Randers Bro";"20200404";"564072";"6257411";"Vandføring";"m3/s";"39,6436157226563";"FagK";"GODK"
"Gudenå";"21006207";"Gudenå, Randers Bro";"20200405";"564072";"6257411";"Vandføring";"m3/s";"35,0706787109375";"FagK";"GODK"
"Gudenå";"21006207";"Gudenå, Randers Bro";"20200406";"564072";"6257411";"Vandføring";"m3/s";"33,4488182067871";"FagK";"GODK"
"Gudenå";"21006207";"Gudenå, Randers Bro";"20200407";"564072";"6257411";"Vandføring";"m3/s";"32,0937728881836";"FagK";"GODK"
"Gudenå";"21006207";"Gudenå, Randers Bro";"20200408";"564072";"6257411";"Vandføring";"m3/s";"33,2453308105469";"FagK";"GODK"
"Gudenå";"21006207";"Gudenå, Randers Bro";"20200409";"564072";"6257411";"Vandføring";"m3/s";"34,6057624816895";"FagK";"GODK"
"Gudenå";"21006207";"Gudenå, Randers Bro";"20200410";"564072";"6257411";"Vandføring";"m3/s";"36,0660133361816";"FagK";"GODK"
"Gudenå";"21006207";"Gudenå, Randers Bro";"20200411";"564072";"6257411";"Vandføring";"m3/s";"36,8978958129883";"FagK";"GODK"
"Gudenå";"21006207";"Gudenå, Randers Bro";"20200412";"564072";"6257411";"Vandføring";"m3/s";"38,2949485778809";"FagK";"GODK"
"Gudenå";"21006207";"Gudenå, Randers Bro";"20200413";"564072";"6257411";"Vandføring";"m3/s";"36,8351860046387";"FagK";"GODK"
"Gudenå";"21006207";"Gudenå, Randers Bro";"20200414";"564072";"6257411";"Vandføring";"m3/s";"42,9235725402832";"FagK";"GODK"
"Gudenå";"21006207";"Gudenå, Randers Bro";"20200415";"564072";"6257411";"Vandføring";"m3/s";"44,4327545166016";"FagK";"GODK"
"Gudenå";"21006207";"Gudenå, Randers Bro";"20200416";"564072";"6257411";"Vandføring";"m3/s";"35,9301376342773";"FagK";"GODK"
"Gudenå";"21006207";"Gudenå, Randers Bro";"20200417";"564072";"6257411";"Vandføring";"m3/s";"28,6445293426514";"FagK";"GODK"
"Gudenå";"21006207";"Gudenå, Randers Bro";"20200418";"564072";"6257411";"Vandføring";"m3/s";"25,2576351165771";"FagK";"GODK"
"Gudenå";"21006207";"Gudenå, Randers Bro";"20200419";"564072";"6257411";"Vandføring";"m3/s";"30,360279083252";"FagK";"GODK"
"Gudenå";"21006207";"Gudenå, Randers Bro";"20200420";"564072";"6257411";"Vandføring";"m3/s";"28,557897567749";"FagK";"GODK"
"Gudenå";"21006207";"Gudenå, Randers Bro";"20200421";"564072";"6257411";"Vandføring";"m3/s";"28,9865398406982";"FagK";"GODK"
"Gudenå";"21006207";"Gudenå, Randers Bro";"20200422";"564072";"6257411";"Vandføring";"m3/s";"27,5985355377197";"FagK";"GODK"
"Gudenå";"21006207";"Gudenå, Randers Bro";"20200423";"564072";"6257411";"Vandføring";"m3/s";"25,3064041137695";"FagK";"GODK"
"Gudenå";"21006207";"Gudenå, Randers Bro";"20200424";"564072";"6257411";"Vandføring";"m3/s";"24,8047122955322";"FagK";"GODK"
"Gudenå";"21006207";"Gudenå, Randers Bro";"20200425";"564072";"6257411";"Vandføring";"m3/s";"31,7312316894531";"FagK";"GODK"
"Gudenå";"21006207";"Gudenå, Randers Bro";"20200426";"564072";"6257411";"Vandføring";"m3/s";"29,9188480377197";"FagK";"GODK"
"Gudenå";"21006207";"Gudenå, Randers Bro";"20200427";"564072";"6257411";"Vandføring";"m3/s";"33,3209114074707";"FagK";"GODK"
"Gudenå";"21006207";"Gudenå, Randers Bro";"20200428";"564072";"6257411";"Vandføring";"m3/s";"32,5846328735352";"FagK";"GODK"
"Gudenå";"21006207";"Gudenå, Randers Bro";"20200429";"564072";"6257411";"Vandføring";"m3/s";"30,2354202270508";"FagK";"GODK"
"Gudenå";"21006207";"Gudenå, Randers Bro";"20200430";"564072";"6257411";"Vandføring";"m3/s";"30,3348522186279";"FagK";"GODK"
"Gudenå";"21006207";"Gudenå, Randers Bro";"20200501";"564072";"6257411";"Vandføring";"m3/s";"26,9367542266846";"FagK";"GODK"
"Gudenå";"21006207";"Gudenå, Randers Bro";"20200502";"564072";"6257411";"Vandføring";"m3/s";"23,0414886474609";"FagK";"GODK"
"Gudenå";"21006207";"Gudenå, Randers Bro";"20200503";"564072";"6257411";"Vandføring";"m3/s";"28,432336807251";"FagK";"GODK"
"Gudenå";"21006207";"Gudenå, Randers Bro";"20200504";"564072";"6257411";"Vandføring";"m3/s";"28,8880081176758";"FagK";"GODK"
"Gudenå";"21006207";"Gudenå, Randers Bro";"20200505";"564072";"6257411";"Vandføring";"m3/s";"31,2929973602295";"FagK";"GODK"
"Gudenå";"21006207";"Gudenå, Randers Bro";"20200506";"564072";"6257411";"Vandføring";"m3/s";"27,8043308258057";"FagK";"GODK"
"Gudenå";"21006207";"Gudenå, Randers Bro";"20200507";"564072";"6257411";"Vandføring";"m3/s";"28,4938831329346";"FagK";"GODK"
"Gudenå";"21006207";"Gudenå, Randers Bro";"20200508";"564072";"6257411";"Vandføring";"m3/s";"25,2021350860596";"FagK";"GODK"
"Gudenå";"21006207";"Gudenå, Randers Bro";"20200509";"564072";"6257411";"Vandføring";"m3/s";"28,7253532409668";"FagK";"GODK"
"Gudenå";"21006207";"Gudenå, Randers Bro";"20200510";"564072";"6257411";"Vandføring";"m3/s";"25,4303951263428";"FagK";"GODK"
"Gudenå";"21006207";"Gudenå, Randers Bro";"20200511";"564072";"6257411";"Vandføring";"m3/s";"28,2600364685059";"FagK";"GODK"
"Gudenå";"21006207";"Gudenå, Randers Bro";"20200512";"564072";"6257411";"Vandføring";"m3/s";"28,8371696472168";"FagK";"GODK"
"Gudenå";"21006207";"Gudenå, Randers Bro";"20200513";"564072";"6257411";"Vandføring";"m3/s";"24,8140430450439";"FagK";"GODK"
"Gudenå";"21006207";"Gudenå, Randers Bro";"20200514";"564072";"6257411";"Vandføring";"m3/s";"33,1792488098145";"FagK";"GODK"
"Gudenå";"21006207";"Gudenå, Randers Bro";"20200515";"564072";"6257411";"Vandføring";"m3/s";"35,7397384643555";"FagK";"GODK"
"Gudenå";"21006207";"Gudenå, Randers Bro";"20200516";"564072";"6257411";"Vandføring";"m3/s";"31,5630588531494";"FagK";"GODK"
"Gudenå";"21006207";"Gudenå, Randers Bro";"20200517";"564072";"6257411";"Vandføring";"m3/s";"33,0425262451172";"FagK";"GODK"
"Gudenå";"21006207";"Gudenå, Randers Bro";"20200518";"564072";"6257411";"Vandføring";"m3/s";"23,1130905151367";"FagK";"GODK"
"Gudenå";"21006207";"Gudenå, Randers Bro";"20200519";"564072";"6257411";"Vandføring";"m3/s";"26,2722415924072";"FagK";"GODK"
"Gudenå";"21006207";"Gudenå, Randers Bro";"20200520";"564072";"6257411";"Vandføring";"m3/s";"26,6528949737549";"FagK";"GODK"
"Gudenå";"21006207";"Gudenå, Randers Bro";"20200521";"564072";"6257411";"Vandføring";"m3/s";"21,9820671081543";"FagK";"GODK"
"Gudenå";"21006207";"Gudenå, Randers Bro";"20200522";"564072";"6257411";"Vandføring";"m3/s";"23,7826595306396";"FagK";"GODK"
"Gudenå";"21006207";"Gudenå, Randers Bro";"20200523";"564072";"6257411";"Vandføring";"m3/s";"13,365424156189";"FagK";"GODK"
"Gudenå";"21006207";"Gudenå, Randers Bro";"20200524";"564072";"6257411";"Vandføring";"m3/s";"37,6001853942871";"FagK";"GODK"
"Gudenå";"21006207";"Gudenå, Randers Bro";"20200525";"564072";"6257411";"Vandføring";"m3/s";"30,8624897003174";"FagK";"GODK"
"Gudenå";"21006207";"Gudenå, Randers Bro";"20200526";"564072";"6257411";"Vandføring";"m3/s";"32,9921340942383";"FagK";"GODK"
"Gudenå";"21006207";"Gudenå, Randers Bro";"20200527";"564072";"6257411";"Vandføring";"m3/s";"31,6902408599854";"FagK";"GODK"
"Gudenå";"21006207";"Gudenå, Randers Bro";"20200528";"564072";"6257411";"Vandføring";"m3/s";"30,9512176513672";"FagK";"GODK"
"Gudenå";"21006207";"Gudenå, Randers Bro";"20200529";"564072";"6257411";"Vandføring";"m3/s";"24,1828556060791";"FagK";"GODK"
"Gudenå";"21006207";"Gudenå, Randers Bro";"20200530";"564072";"6257411";"Vandføring";"m3/s";"21,0750789642334";"FagK";"GODK"
"Gudenå";"21006207";"Gudenå, Randers Bro";"20200531";"564072";"6257411";"Vandføring";"m3/s";"21,7150802612305";"FagK";"GODK"
"Gudenå";"21006207";"Gudenå, Randers Bro";"20200601";"564072";"6257411";"Vandføring";"m3/s";"20,0950164794922";"FagK";"GODK"
"Gudenå";"21006207";"Gudenå, Randers Bro";"20200602";"564072";"6257411";"Vandføring";"m3/s";"19,2370491027832";"FagK";"GODK"
"Gudenå";"21006207";"Gudenå, Randers Bro";"20200603";"564072";"6257411";"Vandføring";"m3/s";"20,1930484771729";"FagK";"GODK"
"Gudenå";"21006207";"Gudenå, Randers Bro";"20200604";"564072";"6257411";"Vandføring";"m3/s";"15,7392616271973";"FagK";"GODK"
"Gudenå";"21006207";"Gudenå, Randers Bro";"20200605";"564072";"6257411";"Vandføring";"m3/s";"26,9697456359863";"FagK";"GODK"
"Gudenå";"21006207";"Gudenå, Randers Bro";"20200606";"564072";"6257411";"Vandføring";"m3/s";"28,7509841918945";"FagK";"GODK"
"Gudenå";"21006207";"Gudenå, Randers Bro";"20200607";"564072";"6257411";"Vandføring";"m3/s";"24,4532089233398";"FagK";"GODK"
"Gudenå";"21006207";"Gudenå, Randers Bro";"20200608";"564072";"6257411";"Vandføring";"m3/s";"23,3521633148193";"FagK";"GODK"
"Gudenå";"21006207";"Gudenå, Randers Bro";"20200609";"564072";"6257411";"Vandføring";"m3/s";"31,7747440338135";"FagK";"GODK"
"Gudenå";"21006207";"Gudenå, Randers Bro";"20200610";"564072";"6257411";"Vandføring";"m3/s";"22,4548282623291";"FagK";"GODK"
"Gudenå";"21006207";"Gudenå, Randers Bro";"20200611";"564072";"6257411";"Vandføring";"m3/s";"22,9984111785889";"FagK";"GODK"
"Gudenå";"21006207";"Gudenå, Randers Bro";"20200612";"564072";"6257411";"Vandføring";"m3/s";"22,8165302276611";"FagK";"GODK"
"Gudenå";"21006207";"Gudenå, Randers Bro";"20200613";"564072";"6257411";"Vandføring";"m3/s";"21,2978477478027";"FagK";"GODK"
"Gudenå";"21006207";"Gudenå, Randers Bro";"20200614";"564072";"6257411";"Vandføring";"m3/s";"19,5561237335205";"FagK";"GODK"
"Gudenå";"21006207";"Gudenå, Randers Bro";"20200615";"564072";"6257411";"Vandføring";"m3/s";"18,8035354614258";"FagK";"GODK"
"Gudenå";"21006207";"Gudenå, Randers Bro";"20200616";"564072";"6257411";"Vandføring";"m3/s";"19,7398662567139";"FagK";"GODK"
"Gudenå";"21006207";"Gudenå, Randers Bro";"20200617";"564072";"6257411";"Vandføring";"m3/s";"21,6327381134033";"FagK";"GODK"
"Gudenå";"21006207";"Gudenå, Randers Bro";"20200618";"564072";"6257411";"Vandføring";"m3/s";"21,416690826416";"FagK";"GODK"
"Gudenå";"21006207";"Gudenå, Randers Bro";"20200619";"564072";"6257411";"Vandføring";"m3/s";"22,0207118988037";"FagK";"GODK"
"Gudenå";"21006207";"Gudenå, Randers Bro";"20200620";"564072";"6257411";"Vandføring";"m3/s";"23,3704586029053";"FagK";"GODK"
"Gudenå";"21006207";"Gudenå, Randers Bro";"20200621";"564072";"6257411";"Vandføring";"m3/s";"24,5202751159668";"FagK";"GODK"
"Gudenå";"21006207";"Gudenå, Randers Bro";"20200622";"564072";"6257411";"Vandføring";"m3/s";"26,2963695526123";"FagK";"GODK"
"Gudenå";"21006207";"Gudenå, Randers Bro";"20200623";"564072";"6257411";"Vandføring";"m3/s";"27,461971282959";"FagK";"GODK"
"Gudenå";"21006207";"Gudenå, Randers Bro";"20200624";"564072";"6257411";"Vandføring";"m3/s";"23,0145053863525";"FagK";"GODK"
"Gudenå";"21006207";"Gudenå, Randers Bro";"20200625";"564072";"6257411";"Vandføring";"m3/s";"21,0108470916748";"FagK";"GODK"
"Gudenå";"21006207";"Gudenå, Randers Bro";"20200626";"564072";"6257411";"Vandføring";"m3/s";"20,2428665161133";"FagK";"GODK"
"Gudenå";"21006207";"Gudenå, Randers Bro";"20200627";"564072";"6257411";"Vandføring";"m3/s";"19,8411960601807";"FagK";"GODK"
"Gudenå";"21006207";"Gudenå, Randers Bro";"20200628";"564072";"6257411";"Vandføring";"m3/s";"18,9653339385986";"FagK";"GODK"
"Gudenå";"21006207";"Gudenå, Randers Bro";"20200629";"564072";"6257411";"Vandføring";"m3/s";"18,0146160125732";"FagK";"GODK"
"Gudenå";"21006207";"Gudenå, Randers Bro";"20200630";"564072";"6257411";"Vandføring";"m3/s";"26,0441589355469";"FagK";"GODK"
"Gudenå";"21006207";"Gudenå, Randers Bro";"20200701";"564072";"6257411";"Vandføring";"m3/s";"27,7095565795898";"FagK";"GODK"
"Gudenå";"21006207";"Gudenå, Randers Bro";"20200702";"564072";"6257411";"Vandføring";"m3/s";"29,2140045166016";"FagK";"GODK"
"Gudenå";"21006207";"Gudenå, Randers Bro";"20200703";"564072";"6257411";"Vandføring";"m3/s";"31,2681522369385";"FagK";"GODK"
"Gudenå";"21006207";"Gudenå, Randers Bro";"20200704";"564072";"6257411";"Vandføring";"m3/s";"19,7168216705322";"FagK";"GODK"
"Gudenå";"21006207";"Gudenå, Randers Bro";"20200705";"564072";"6257411";"Vandføring";"m3/s";"37,3285255432129";"FagK";"GODK"
"Gudenå";"21006207";"Gudenå, Randers Bro";"20200706";"564072";"6257411";"Vandføring";"m3/s";"27,2289943695068";"FagK";"GODK"
"Gudenå";"21006207";"Gudenå, Randers Bro";"20200707";"564072";"6257411";"Vandføring";"m3/s";"36,7441902160645";"FagK";"GODK"
"Gudenå";"21006207";"Gudenå, Randers Bro";"20200708";"564072";"6257411";"Vandføring";"m3/s";"38,6725730895996";"FagK";"GODK"
"Gudenå";"21006207";"Gudenå, Randers Bro";"20200709";"564072";"6257411";"Vandføring";"m3/s";"39,6801643371582";"FagK";"GODK"
"Gudenå";"21006207";"Gudenå, Randers Bro";"20200710";"564072";"6257411";"Vandføring";"m3/s";"33,5701599121094";"FagK";"GODK"
"Gudenå";"21006207";"Gudenå, Randers Bro";"20200711";"564072";"6257411";"Vandføring";"m3/s";"37,6534118652344";"FagK";"GODK"
"Gudenå";"21006207";"Gudenå, Randers Bro";"20200712";"564072";"6257411";"Vandføring";"m3/s";"35,9567375183105";"FagK";"GODK"
"Gudenå";"21006207";"Gudenå, Randers Bro";"20200713";"564072";"6257411";"Vandføring";"m3/s";"33,8935928344727";"FagK";"GODK"
"Gudenå";"21006207";"Gudenå, Randers Bro";"20200714";"564072";"6257411";"Vandføring";"m3/s";"25,3305625915527";"FagK";"GODK"
"Gudenå";"21006207";"Gudenå, Randers Bro";"20200715";"564072";"6257411";"Vandføring";"m3/s";"25,962610244751";"FagK";"GODK"
"Gudenå";"21006207";"Gudenå, Randers Bro";"20200716";"564072";"6257411";"Vandføring";"m3/s";"21,7909717559814";"FagK";"GODK"
"Gudenå";"21006207";"Gudenå, Randers Bro";"20200717";"564072";"6257411";"Vandføring";"m3/s";"22,3660793304443";"FagK";"GODK"
"Gudenå";"21006207";"Gudenå, Randers Bro";"20200718";"564072";"6257411";"Vandføring";"m3/s";"21,319019317627";"FagK";"GODK"
"Gudenå";"21006207";"Gudenå, Randers Bro";"20200719";"564072";"6257411";"Vandføring";"m3/s";"22,191234588623";"FagK";"GODK"
"Gudenå";"21006207";"Gudenå, Randers Bro";"20200720";"564072";"6257411";"Vandføring";"m3/s";"33,1163558959961";"FagK";"GODK"
"Gudenå";"21006207";"Gudenå, Randers Bro";"20200721";"564072";"6257411";"Vandføring";"m3/s";"35,522632598877";"FagK";"GODK"
"Gudenå";"21006207";"Gudenå, Randers Bro";"20200722";"564072";"6257411";"Vandføring";"m3/s";"36,7232437133789";"FagK";"GODK"
"Gudenå";"21006207";"Gudenå, Randers Bro";"20200723";"564072";"6257411";"Vandføring";"m3/s";"34,3482894897461";"FagK";"GODK"
"Gudenå";"21006207";"Gudenå, Randers Bro";"20200724";"564072";"6257411";"Vandføring";"m3/s";"28,4280052185059";"FagK";"GODK"
"Gudenå";"21006207";"Gudenå, Randers Bro";"20200725";"564072";"6257411";"Vandføring";"m3/s";"34,6929016113281";"FagK";"GODK"
"Gudenå";"21006207";"Gudenå, Randers Bro";"20200726";"564072";"6257411";"Vandføring";"m3/s";"28,7454795837402";"FagK";"GODK"
"Gudenå";"21006207";"Gudenå, Randers Bro";"20200727";"564072";"6257411";"Vandføring";"m3/s";"31,6310501098633";"FagK";"GODK"
"Gudenå";"21006207";"Gudenå, Randers Bro";"20200728";"564072";"6257411";"Vandføring";"m3/s";"28,3821411132813";"FagK";"GODK"
"Gudenå";"21006207";"Gudenå, Randers Bro";"20200729";"564072";"6257411";"Vandføring";"m3/s";"33,1365432739258";"FagK";"GODK"
"Gudenå";"21006207";"Gudenå, Randers Bro";"20200730";"564072";"6257411";"Vandføring";"m3/s";"35,5074348449707";"FagK";"GODK"
"Gudenå";"21006207";"Gudenå, Randers Bro";"20200731";"564072";"6257411";"Vandføring";"m3/s";"22,8129615783691";"FagK";"GODK"
"Gudenå";"21006207";"Gudenå, Randers Bro";"20200801";"564072";"6257411";"Vandføring";"m3/s";"20,1400661468506";"FagK";"GODK"
"Gudenå";"21006207";"Gudenå, Randers Bro";"20200802";"564072";"6257411";"Vandføring";"m3/s";"21,9917678833008";"FagK";"GODK"
"Gudenå";"21006207";"Gudenå, Randers Bro";"20200803";"564072";"6257411";"Vandføring";"m3/s";"23,4221343994141";"FagK";"GODK"
"Gudenå";"21006207";"Gudenå, Randers Bro";"20200804";"564072";"6257411";"Vandføring";"m3/s";"26,9694175720215";"FagK";"GODK"
"Gudenå";"21006207";"Gudenå, Randers Bro";"20200805";"564072";"6257411";"Vandføring";"m3/s";"27,7857246398926";"FagK";"GODK"
"Gudenå";"21006207";"Gudenå, Randers Bro";"20200806";"564072";"6257411";"Vandføring";"m3/s";"26,7993469238281";"FagK";"GODK"
"Gudenå";"21006207";"Gudenå, Randers Bro";"20200807";"564072";"6257411";"Vandføring";"m3/s";"27,2158069610596";"FagK";"GODK"
"Gudenå";"21006207";"Gudenå, Randers Bro";"20200808";"564072";"6257411";"Vandføring";"m3/s";"22,1775360107422";"FagK";"GODK"
"Gudenå";"21006207";"Gudenå, Randers Bro";"20200809";"564072";"6257411";"Vandføring";"m3/s";"22,0904140472412";"FagK";"GODK"
"Gudenå";"21006207";"Gudenå, Randers Bro";"20200810";"564072";"6257411";"Vandføring";"m3/s";"14,2803449630737";"FagK";"GODK"
"Gudenå";"21006207";"Gudenå, Randers Bro";"20200811";"564072";"6257411";"Vandføring";"m3/s";"6,62904500961304";"FagK";"GODK"
"Gudenå";"21006207";"Gudenå, Randers Bro";"20200812";"564072";"6257411";"Vandføring";"m3/s";"5,1780834197998";"FagK";"GODK"
"Gudenå";"21006207";"Gudenå, Randers Bro";"20200813";"564072";"6257411";"Vandføring";"m3/s";"4,48962593078613";"FagK";"GODK"
"Gudenå";"21006207";"Gudenå, Randers Bro";"20200814";"564072";"6257411";"Vandføring";"m3/s";"6,37130451202393";"FagK";"GODK"
"Gudenå";"21006207";"Gudenå, Randers Bro";"20200815";"564072";"6257411";"Vandføring";"m3/s";"12,0289936065674";"FagK";"GODK"
"Gudenå";"21006207";"Gudenå, Randers Bro";"20200816";"564072";"6257411";"Vandføring";"m3/s";"12,9640235900879";"FagK";"GODK"
"Gudenå";"21006207";"Gudenå, Randers Bro";"20200817";"564072";"6257411";"Vandføring";"m3/s";"15,7339000701904";"FagK";"GODK"
"Gudenå";"21006207";"Gudenå, Randers Bro";"20200818";"564072";"6257411";"Vandføring";"m3/s";"18,6754055023193";"FagK";"GODK"
"Gudenå";"21006207";"Gudenå, Randers Bro";"20200819";"564072";"6257411";"Vandføring";"m3/s";"20,4370403289795";"FagK";"GODK"
"Gudenå";"21006207";"Gudenå, Randers Bro";"20200820";"564072";"6257411";"Vandføring";"m3/s";"20,4498386383057";"FagK";"GODK"
"Gudenå";"21006207";"Gudenå, Randers Bro";"20200821";"564072";"6257411";"Vandføring";"m3/s";"18,2160568237305";"FagK";"GODK"
"Gudenå";"21006207";"Gudenå, Randers Bro";"20200822";"564072";"6257411";"Vandføring";"m3/s";"26,6512336730957";"FagK";"GODK"
"Gudenå";"21006207";"Gudenå, Randers Bro";"20200823";"564072";"6257411";"Vandføring";"m3/s";"29,5065765380859";"FagK";"GODK"
"Gudenå";"21006207";"Gudenå, Randers Bro";"20200824";"564072";"6257411";"Vandføring";"m3/s";"32,5956497192383";"FagK";"GODK"
"Gudenå";"21006207";"Gudenå, Randers Bro";"20200825";"564072";"6257411";"Vandføring";"m3/s";"30,9729900360107";"FagK";"GODK"
"Gudenå";"21006207";"Gudenå, Randers Bro";"20200826";"564072";"6257411";"Vandføring";"m3/s";"19,7761249542236";"FagK";"GODK"
"Gudenå";"21006207";"Gudenå, Randers Bro";"20200827";"564072";"6257411";"Vandføring";"m3/s";"39,4110946655273";"FagK";"GODK"
"Gudenå";"21006207";"Gudenå, Randers Bro";"20200828";"564072";"6257411";"Vandføring";"m3/s";"23,8646411895752";"FagK";"GODK"
"Gudenå";"21006207";"Gudenå, Randers Bro";"20200829";"564072";"6257411";"Vandføring";"m3/s";"26,6596698760986";"FagK";"GODK"
"Gudenå";"21006207";"Gudenå, Randers Bro";"20200830";"564072";"6257411";"Vandføring";"m3/s";"30,0482215881348";"FagK";"GODK"
"Gudenå";"21006207";"Gudenå, Randers Bro";"20200831";"564072";"6257411";"Vandføring";"m3/s";"30,2137832641602";"FagK";"GODK"
"Gudenå";"21006207";"Gudenå, Randers Bro";"20200901";"564072";"6257411";"Vandføring";"m3/s";"25,4600009918213";"FagK";"GODK"
"Gudenå";"21006207";"Gudenå, Randers Bro";"20200902";"564072";"6257411";"Vandføring";"m3/s";"30,4225788116455";"FagK";"GODK"
"Gudenå";"21006207";"Gudenå, Randers Bro";"20200903";"564072";"6257411";"Vandføring";"m3/s";"33,7241973876953";"FagK";"GODK"
"Gudenå";"21006207";"Gudenå, Randers Bro";"20200904";"564072";"6257411";"Vandføring";"m3/s";"24,4803619384766";"FagK";"GODK"
"Gudenå";"21006207";"Gudenå, Randers Bro";"20200905";"564072";"6257411";"Vandføring";"m3/s";"37,049976348877";"FagK";"GODK"
"Gudenå";"21006207";"Gudenå, Randers Bro";"20200906";"564072";"6257411";"Vandføring";"m3/s";"45,1908874511719";"FagK";"GODK"
"Gudenå";"21006207";"Gudenå, Randers Bro";"20200907";"564072";"6257411";"Vandføring";"m3/s";"49,5225028991699";"FagK";"GODK"
"Gudenå";"21006207";"Gudenå, Randers Bro";"20200908";"564072";"6257411";"Vandføring";"m3/s";"35,9263648986816";"FagK";"GODK"
"Gudenå";"21006207";"Gudenå, Randers Bro";"20200909";"564072";"6257411";"Vandføring";"m3/s";"43,0082855224609";"FagK";"GODK"
"Gudenå";"21006207";"Gudenå, Randers Bro";"20200910";"564072";"6257411";"Vandføring";"m3/s";"39,3079681396484";"FagK";"GODK"
"Gudenå";"21006207";"Gudenå, Randers Bro";"20200911";"564072";"6257411";"Vandføring";"m3/s";"33,5110321044922";"FagK";"GODK"
"Gudenå";"21006207";"Gudenå, Randers Bro";"20200912";"564072";"6257411";"Vandføring";"m3/s";"29,2777843475342";"FagK";"GODK"
"Gudenå";"21006207";"Gudenå, Randers Bro";"20200913";"564072";"6257411";"Vandføring";"m3/s";"35,3511962890625";"FagK";"GODK"
"Gudenå";"21006207";"Gudenå, Randers Bro";"20200914";"564072";"6257411";"Vandføring";"m3/s";"21,354455947876";"FagK";"GODK"
"Gudenå";"21006207";"Gudenå, Randers Bro";"20200915";"564072";"6257411";"Vandføring";"m3/s";"28,0976581573486";"FagK";"GODK"
"Gudenå";"21006207";"Gudenå, Randers Bro";"20200916";"564072";"6257411";"Vandføring";"m3/s";"9,29183864593506";"FagK";"GODK"
"Gudenå";"21006207";"Gudenå, Randers Bro";"20200917";"564072";"6257411";"Vandføring";"m3/s";"41,5346946716309";"FagK";"GODK"
"Gudenå";"21006207";"Gudenå, Randers Bro";"20200918";"564072";"6257411";"Vandføring";"m3/s";"22,940710067749";"FagK";"GODK"
"Gudenå";"21006207";"Gudenå, Randers Bro";"20200919";"564072";"6257411";"Vandføring";"m3/s";"22,1470012664795";"FagK";"GODK"
"Gudenå";"21006207";"Gudenå, Randers Bro";"20200920";"564072";"6257411";"Vandføring";"m3/s";"21,8232479095459";"FagK";"GODK"
"Gudenå";"21006207";"Gudenå, Randers Bro";"20200921";"564072";"6257411";"Vandføring";"m3/s";"22,2446708679199";"FagK";"GODK"
"Gudenå";"21006207";"Gudenå, Randers Bro";"20200922";"564072";"6257411";"Vandføring";"m3/s";"24,7038974761963";"FagK";"GODK"
"Gudenå";"21006207";"Gudenå, Randers Bro";"20200923";"564072";"6257411";"Vandføring";"m3/s";"29,7768135070801";"FagK";"GODK"
"Gudenå";"21006207";"Gudenå, Randers Bro";"20200924";"564072";"6257411";"Vandføring";"m3/s";"24,1716060638428";"FagK";"GODK"
"Gudenå";"21006207";"Gudenå, Randers Bro";"20200925";"564072";"6257411";"Vandføring";"m3/s";"13,7043523788452";"FagK";"GODK"
"Gudenå";"21006207";"Gudenå, Randers Bro";"20200926";"564072";"6257411";"Vandføring";"m3/s";"24,2007865905762";"FagK";"GODK"
"Gudenå";"21006207";"Gudenå, Randers Bro";"20200927";"564072";"6257411";"Vandføring";"m3/s";"17,1641025543213";"FagK";"GODK"
"Gudenå";"21006207";"Gudenå, Randers Bro";"20200928";"564072";"6257411";"Vandføring";"m3/s";"25,8835029602051";"FagK";"GODK"
"Gudenå";"21006207";"Gudenå, Randers Bro";"20200929";"564072";"6257411";"Vandføring";"m3/s";"18,2755165100098";"FagK";"GODK"
"Gudenå";"21006207";"Gudenå, Randers Bro";"20200930";"564072";"6257411";"Vandføring";"m3/s";"20,3838424682617";"FagK";"GODK"
"Gudenå";"21006207";"Gudenå, Randers Bro";"20201001";"564072";"6257411";"Vandføring";"m3/s";"18,709135055542";"FagK";"GODK"
"Gudenå";"21006207";"Gudenå, Randers Bro";"20201002";"564072";"6257411";"Vandføring";"m3/s";"19,1945457458496";"FagK";"GODK"
"Gudenå";"21006207";"Gudenå, Randers Bro";"20201003";"564072";"6257411";"Vandføring";"m3/s";"18,0019130706787";"FagK";"GODK"
"Gudenå";"21006207";"Gudenå, Randers Bro";"20201004";"564072";"6257411";"Vandføring";"m3/s";"29,7909164428711";"FagK";"GODK"
"Gudenå";"21006207";"Gudenå, Randers Bro";"20201005";"564072";"6257411";"Vandføring";"m3/s";"22,2444438934326";"FagK";"GODK"
"Gudenå";"21006207";"Gudenå, Randers Bro";"20201006";"564072";"6257411";"Vandføring";"m3/s";"27,1924629211426";"FagK";"GODK"
"Gudenå";"21006207";"Gudenå, Randers Bro";"20201007";"564072";"6257411";"Vandføring";"m3/s";"29,0278148651123";"FagK";"GODK"
"Gudenå";"21006207";"Gudenå, Randers Bro";"20201008";"564072";"6257411";"Vandføring";"m3/s";"29,1768054962158";"FagK";"GODK"
"Gudenå";"21006207";"Gudenå, Randers Bro";"20201009";"564072";"6257411";"Vandføring";"m3/s";"38,4725341796875";"FagK";"GODK"
"Gudenå";"21006207";"Gudenå, Randers Bro";"20201010";"564072";"6257411";"Vandføring";"m3/s";"33,1158599853516";"FagK";"GODK"
"Gudenå";"21006207";"Gudenå, Randers Bro";"20201011";"564072";"6257411";"Vandføring";"m3/s";"28,7786808013916";"FagK";"GODK"
"Gudenå";"21006207";"Gudenå, Randers Bro";"20201012";"564072";"6257411";"Vandføring";"m3/s";"31,5878677368164";"FagK";"GODK"
"Gudenå";"21006207";"Gudenå, Randers Bro";"20201013";"564072";"6257411";"Vandføring";"m3/s";"26,9892311096191";"FagK";"GODK"
"Gudenå";"21006207";"Gudenå, Randers Bro";"20201014";"564072";"6257411";"Vandføring";"m3/s";"16,6904182434082";"FagK";"GODK"
"Gudenå";"21006207";"Gudenå, Randers Bro";"20201015";"564072";"6257411";"Vandføring";"m3/s";"24,2831993103027";"FagK";"GODK"
"Gudenå";"21006207";"Gudenå, Randers Bro";"20201016";"564072";"6257411";"Vandføring";"m3/s";"16,7784538269043";"FagK";"GODK"
"Gudenå";"21006207";"Gudenå, Randers Bro";"20201017";"564072";"6257411";"Vandføring";"m3/s";"23,2128295898438";"FagK";"GODK"
"Gudenå";"21006207";"Gudenå, Randers Bro";"20201018";"564072";"6257411";"Vandføring";"m3/s";"13,6401138305664";"FagK";"GODK"
"Gudenå";"21006207";"Gudenå, Randers Bro";"20201019";"564072";"6257411";"Vandføring";"m3/s";"26,1989974975586";"FagK";"GODK"
"Gudenå";"21006207";"Gudenå, Randers Bro";"20201020";"564072";"6257411";"Vandføring";"m3/s";"28,0567531585693";"FagK";"GODK"
"Gudenå";"21006207";"Gudenå, Randers Bro";"20201021";"564072";"6257411";"Vandføring";"m3/s";"19,4061412811279";"FagK";"GODK"
"Gudenå";"21006207";"Gudenå, Randers Bro";"20201022";"564072";"6257411";"Vandføring";"m3/s";"34,2404670715332";"FagK";"GODK"
"Gudenå";"21006207";"Gudenå, Randers Bro";"20201023";"564072";"6257411";"Vandføring";"m3/s";"26,8259029388428";"FagK";"GODK"
"Gudenå";"21006207";"Gudenå, Randers Bro";"20201024";"564072";"6257411";"Vandføring";"m3/s";"27,5040283203125";"FagK";"GODK"
"Gudenå";"21006207";"Gudenå, Randers Bro";"20201025";"564072";"6257411";"Vandføring";"m3/s";"23,5215473175049";"FagK";"GODK"
"Gudenå";"21006207";"Gudenå, Randers Bro";"20201026";"564072";"6257411";"Vandføring";"m3/s";"30,1041355133057";"FagK";"GODK"
"Gudenå";"21006207";"Gudenå, Randers Bro";"20201027";"564072";"6257411";"Vandføring";"m3/s";"31,5724143981934";"FagK";"GODK"
"Gudenå";"21006207";"Gudenå, Randers Bro";"20201028";"564072";"6257411";"Vandføring";"m3/s";"25,0111694335938";"FagK";"GODK"
"Gudenå";"21006207";"Gudenå, Randers Bro";"20201029";"564072";"6257411";"Vandføring";"m3/s";"27,4741725921631";"FagK";"GODK"
"Gudenå";"21006207";"Gudenå, Randers Bro";"20201030";"564072";"6257411";"Vandføring";"m3/s";"43,4423675537109";"FagK";"GODK"
"Gudenå";"21006207";"Gudenå, Randers Bro";"20201031";"564072";"6257411";"Vandføring";"m3/s";"39,9002723693848";"FagK";"GODK"
"Gudenå";"21006207";"Gudenå, Randers Bro";"20201101";"564072";"6257411";"Vandføring";"m3/s";"27,2120761871338";"FagK";"GODK"
"Gudenå";"21006207";"Gudenå, Randers Bro";"20201102";"564072";"6257411";"Vandføring";"m3/s";"37,8663749694824";"FagK";"GODK"
"Gudenå";"21006207";"Gudenå, Randers Bro";"20201103";"564072";"6257411";"Vandføring";"m3/s";"44,8473930358887";"FagK";"GODK"
"Gudenå";"21006207";"Gudenå, Randers Bro";"20201104";"564072";"6257411";"Vandføring";"m3/s";"42,1970405578613";"FagK";"GODK"
"Gudenå";"21006207";"Gudenå, Randers Bro";"20201105";"564072";"6257411";"Vandføring";"m3/s";"58,239616394043";"FagK";"GODK"
"Gudenå";"21006207";"Gudenå, Randers Bro";"20201106";"564072";"6257411";"Vandføring";"m3/s";"51,7733345031738";"FagK";"GODK"
"Gudenå";"21006207";"Gudenå, Randers Bro";"20201107";"564072";"6257411";"Vandføring";"m3/s";"39,2446517944336";"FagK";"GODK"
"Gudenå";"21006207";"Gudenå, Randers Bro";"20201108";"564072";"6257411";"Vandføring";"m3/s";"32,7658920288086";"FagK";"GODK"
"Gudenå";"21006207";"Gudenå, Randers Bro";"20201109";"564072";"6257411";"Vandføring";"m3/s";"31,4318504333496";"FagK";"GODK"
"Gudenå";"21006207";"Gudenå, Randers Bro";"20201110";"564072";"6257411";"Vandføring";"m3/s";"29,3798637390137";"FagK";"GODK"
"Gudenå";"21006207";"Gudenå, Randers Bro";"20201111";"564072";"6257411";"Vandføring";"m3/s";"27,8187026977539";"FagK";"GODK"
"Gudenå";"21006207";"Gudenå, Randers Bro";"20201112";"564072";"6257411";"Vandføring";"m3/s";"27,5470924377441";"FagK";"GODK"
"Gudenå";"21006207";"Gudenå, Randers Bro";"20201113";"564072";"6257411";"Vandføring";"m3/s";"26,9325428009033";"FagK";"GODK"
"Gudenå";"21006207";"Gudenå, Randers Bro";"20201114";"564072";"6257411";"Vandføring";"m3/s";"25,0409030914307";"FagK";"GODK"
"Gudenå";"21006207";"Gudenå, Randers Bro";"20201115";"564072";"6257411";"Vandføring";"m3/s";"29,6879920959473";"FagK";"GODK"
"Gudenå";"21006207";"Gudenå, Randers Bro";"20201116";"564072";"6257411";"Vandføring";"m3/s";"22,2099285125732";"FagK";"GODK"
"Gudenå";"21006207";"Gudenå, Randers Bro";"20201117";"564072";"6257411";"Vandføring";"m3/s";"36,7874908447266";"FagK";"GODK"
"Gudenå";"21006207";"Gudenå, Randers Bro";"20201118";"564072";"6257411";"Vandføring";"m3/s";"36,6405487060547";"FagK";"GODK"
"Gudenå";"21006207";"Gudenå, Randers Bro";"20201119";"564072";"6257411";"Vandføring";"m3/s";"34,5804252624512";"FagK";"GODK"
"Gudenå";"21006207";"Gudenå, Randers Bro";"20201120";"564072";"6257411";"Vandføring";"m3/s";"38,4426765441895";"FagK";"GODK"
"Gudenå";"21006207";"Gudenå, Randers Bro";"20201121";"564072";"6257411";"Vandføring";"m3/s";"34,5044364929199";"FagK";"GODK"
"Gudenå";"21006207";"Gudenå, Randers Bro";"20201122";"564072";"6257411";"Vandføring";"m3/s";"39,5486145019531";"FagK";"GODK"
"Gudenå";"21006207";"Gudenå, Randers Bro";"20201123";"564072";"6257411";"Vandføring";"m3/s";"44,2225227355957";"FagK";"GODK"
"Gudenå";"21006207";"Gudenå, Randers Bro";"20201124";"564072";"6257411";"Vandføring";"m3/s";"37,667179107666";"FagK";"GODK"
"Gudenå";"21006207";"Gudenå, Randers Bro";"20201125";"564072";"6257411";"Vandføring";"m3/s";"35,7880706787109";"FagK";"GODK"
"Gudenå";"21006207";"Gudenå, Randers Bro";"20201126";"564072";"6257411";"Vandføring";"m3/s";"31,5004711151123";"FagK";"GODK"
"Gudenå";"21006207";"Gudenå, Randers Bro";"20201127";"564072";"6257411";"Vandføring";"m3/s";"37,4767074584961";"FagK";"GODK"
"Gudenå";"21006207";"Gudenå, Randers Bro";"20201128";"564072";"6257411";"Vandføring";"m3/s";"31,793327331543";"FagK";"GODK"
"Gudenå";"21006207";"Gudenå, Randers Bro";"20201129";"564072";"6257411";"Vandføring";"m3/s";"30,2201080322266";"FagK";"GODK"
"Gudenå";"21006207";"Gudenå, Randers Bro";"20201130";"564072";"6257411";"Vandføring";"m3/s";"33,609058380127";"FagK";"GODK"
"Gudenå";"21006207";"Gudenå, Randers Bro";"20201201";"564072";"6257411";"Vandføring";"m3/s";"19,0870819091797";"FagK";"GODK"
"Gudenå";"21006207";"Gudenå, Randers Bro";"20201202";"564072";"6257411";"Vandføring";"m3/s";"43,3787536621094";"FagK";"GODK"
"Gudenå";"21006207";"Gudenå, Randers Bro";"20201203";"564072";"6257411";"Vandføring";"m3/s";"26,1628017425537";"FagK";"GODK"
"Gudenå";"21006207";"Gudenå, Randers Bro";"20201204";"564072";"6257411";"Vandføring";"m3/s";"34,5764923095703";"FagK";"GODK"
"Gudenå";"21006207";"Gudenå, Randers Bro";"20201205";"564072";"6257411";"Vandføring";"m3/s";"32,0626525878906";"FagK";"GODK"
"Gudenå";"21006207";"Gudenå, Randers Bro";"20201206";"564072";"6257411";"Vandføring";"m3/s";"25,7223300933838";"FagK";"GODK"
"Gudenå";"21006207";"Gudenå, Randers Bro";"20201207";"564072";"6257411";"Vandføring";"m3/s";"28,3338298797607";"FagK";"GODK"
"Gudenå";"21006207";"Gudenå, Randers Bro";"20201208";"564072";"6257411";"Vandføring";"m3/s";"27,7838363647461";"FagK";"GODK"
"Gudenå";"21006207";"Gudenå, Randers Bro";"20201209";"564072";"6257411";"Vandføring";"m3/s";"27,9121398925781";"FagK";"GODK"
"Gudenå";"21006207";"Gudenå, Randers Bro";"20201210";"564072";"6257411";"Vandføring";"m3/s";"25,8936443328857";"FagK";"GODK"
"Gudenå";"21006207";"Gudenå, Randers Bro";"20201211";"564072";"6257411";"Vandføring";"m3/s";"26,2294521331787";"FagK";"GODK"
"Gudenå";"21006207";"Gudenå, Randers Bro";"20201212";"564072";"6257411";"Vandføring";"m3/s";"22,6586074829102";"FagK";"GODK"
"Gudenå";"21006207";"Gudenå, Randers Bro";"20201213";"564072";"6257411";"Vandføring";"m3/s";"23,8696937561035";"FagK";"GODK"
"Gudenå";"21006207";"Gudenå, Randers Bro";"20201214";"564072";"6257411";"Vandføring";"m3/s";"28,5386066436768";"FagK";"GODK"
"Gudenå";"21006207";"Gudenå, Randers Bro";"20201215";"564072";"6257411";"Vandføring";"m3/s";"10,0697860717773";"FagK";"GODK"
"Gudenå";"21006207";"Gudenå, Randers Bro";"20201216";"564072";"6257411";"Vandføring";"m3/s";"31,9406299591064";"FagK";"GODK"
"Gudenå";"21006207";"Gudenå, Randers Bro";"20201217";"564072";"6257411";"Vandføring";"m3/s";"32,7326202392578";"FagK";"GODK"
"Gudenå";"21006207";"Gudenå, Randers Bro";"20201218";"564072";"6257411";"Vandføring";"m3/s";"40,0283584594727";"FagK";"GODK"
"Gudenå";"21006207";"Gudenå, Randers Bro";"20201219";"564072";"6257411";"Vandføring";"m3/s";"32,8926010131836";"FagK";"GODK"
"Gudenå";"21006207";"Gudenå, Randers Bro";"20201220";"564072";"6257411";"Vandføring";"m3/s";"33,4659767150879";"FagK";"GODK"
"Gudenå";"21006207";"Gudenå, Randers Bro";"20201221";"564072";"6257411";"Vandføring";"m3/s";"32,64111328125";"FagK";"GODK"
"Gudenå";"21006207";"Gudenå, Randers Bro";"20201222";"564072";"6257411";"Vandføring";"m3/s";"27,2784881591797";"FagK";"GODK"
"Gudenå";"21006207";"Gudenå, Randers Bro";"20201223";"564072";"6257411";"Vandføring";"m3/s";"36,9254302978516";"FagK";"GODK"
"Gudenå";"21006207";"Gudenå, Randers Bro";"20201224";"564072";"6257411";"Vandføring";"m3/s";"28,4298419952393";"FagK";"GODK"
"Gudenå";"21006207";"Gudenå, Randers Bro";"20201225";"564072";"6257411";"Vandføring";"m3/s";"31,140926361084";"FagK";"GODK"
"Gudenå";"21006207";"Gudenå, Randers Bro";"20201226";"564072";"6257411";"Vandføring";"m3/s";"31,1224269866943";"FagK";"GODK"
"Gudenå";"21006207";"Gudenå, Randers Bro";"20201227";"564072";"6257411";"Vandføring";"m3/s";"35,3548965454102";"FagK";"GODK"
"Gudenå";"21006207";"Gudenå, Randers Bro";"20201228";"564072";"6257411";"Vandføring";"m3/s";"35,2782669067383";"FagK";"GODK"
"Gudenå";"21006207";"Gudenå, Randers Bro";"20201229";"564072";"6257411";"Vandføring";"m3/s";"44,1800575256348";"FagK";"GODK"
"Gudenå";"21006207";"Gudenå, Randers Bro";"20201230";"564072";"6257411";"Vandføring";"m3/s";"38,9010429382324";"FagK";"GODK"
"Gudenå";"21006207";"Gudenå, Randers Bro";"20201231";"564072";"6257411";"Vandføring";"m3/s";"42,7365684509277";"FagK";"GODK"
